"Date","Year","Month","PP","Tmin","Tmed","Tmax"
1960-01-15,1960,1,3,9.72,15.7,21.67
1960-02-15,1960,2,0,9.49,15.85,22.21
1960-03-15,1960,3,0,8.16,14.62,21.08
1960-04-15,1960,4,3,6.7,13.24,19.79
1960-05-15,1960,5,6,3.33,9.55,15.78
1960-06-15,1960,6,197,2.96,7.28,11.6
1960-07-15,1960,7,51,0.77,5.29,9.82
1960-08-15,1960,8,23,1.36,7.24,13.13
1960-09-15,1960,9,25,2.36,8.54,14.71
1960-10-15,1960,10,6,4.1,10.34,16.58
1960-11-15,1960,11,6,6.48,13.5,20.52
1960-12-15,1960,12,0,8.2,15.11,22.02
1961-01-15,1961,1,2,9.11,15.52,21.92
1961-02-15,1961,2,3,9.25,15.78,22.32
1961-03-15,1961,3,10,8.47,14.67,20.87
1961-04-15,1961,4,2,5.65,12.25,18.86
1961-05-15,1961,5,18,4.2,10.4,16.6
1961-06-15,1961,6,145,1.42,6.32,11.21
1961-07-15,1961,7,44,1.82,6.75,11.68
1961-08-15,1961,8,94,2.63,7.97,13.31
1961-09-15,1961,9,41,2.65,7.05,11.44
1961-10-15,1961,10,9,4.56,10.83,17.11
1961-11-15,1961,11,2,6.2,12.71,19.21
1961-12-15,1961,12,1,8.08,14.72,21.36
1962-01-15,1962,1,5,8.8,15.18,21.57
1962-02-15,1962,2,4,9.25,15.08,20.92
1962-03-15,1962,3,2,8.68,14.61,20.54
1962-04-15,1962,4,1,5.66,12.16,18.66
1962-05-15,1962,5,20,3.45,9.54,15.64
1962-06-15,1962,6,200,1.73,6.92,12.11
1962-07-15,1962,7,7,1.11,6.28,11.44
1962-08-15,1962,8,30,2.23,7.45,12.67
1962-09-15,1962,9,7,2.39,8.52,14.66
1962-10-15,1962,10,19,4.85,10.75,16.64
1962-11-15,1962,11,1,6.61,13.02,19.44
1962-12-15,1962,12,3,8.45,14.83,21.2
1963-01-15,1963,1,5,8.38,14.88,21.37
1963-02-15,1963,2,5,9.84,15.72,21.6
1963-03-15,1963,3,8,7.49,14.02,20.56
1963-04-15,1963,4,4,6.51,13.07,19.63
1963-05-15,1963,5,22,3.61,9.75,15.88
1963-06-15,1963,6,59,1.66,7.42,13.18
1963-07-15,1963,7,167,2.09,6.33,10.58
1963-08-15,1963,8,122,1.88,6.72,11.55
1963-09-15,1963,9,164,2.45,7.01,11.56
1963-10-15,1963,10,25,3.86,9.28,14.7
1963-11-15,1963,11,29,4.95,10.63,16.32
1963-12-15,1963,12,0,8.09,14.4,20.71
1964-01-15,1964,1,3,9.77,15.67,21.58
1964-02-15,1964,2,3,8.5,14.8,21.1
1964-03-15,1964,3,13,7.36,13.67,19.99
1964-04-15,1964,4,13,4.68,10.64,16.59
1964-05-15,1964,5,15,3.96,10.18,16.39
1964-06-15,1964,6,97,0.31,5.9,11.49
1964-07-15,1964,7,36,0.57,5.81,11.05
1964-08-15,1964,8,61,0.82,6.06,11.3
1964-09-15,1964,9,0,2.76,8.63,14.49
1964-10-15,1964,10,1,4.66,10.83,17
1964-11-15,1964,11,2,6.21,12.83,19.45
1964-12-15,1964,12,8,7.99,13.82,19.65
1965-01-15,1965,1,12,9.48,15.44,21.39
1965-02-15,1965,2,3,9.34,15.9,22.45
1965-03-15,1965,3,1,8.75,15.16,21.56
1965-04-15,1965,4,43,6.32,11.67,17.01
1965-05-15,1965,5,45,3.4,8.65,13.9
1965-06-15,1965,6,17,3.94,8.96,13.99
1965-07-15,1965,7,102,1.31,5.9,10.49
1965-08-15,1965,8,302,1.55,5.97,10.4
1965-09-15,1965,9,14,2.34,7.57,12.8
1965-10-15,1965,10,6,4.63,9.88,15.14
1965-11-15,1965,11,6,7.2,12.37,17.54
1965-12-15,1965,12,17,8.02,13.82,19.62
1966-01-15,1966,1,0,9.68,15.67,21.67
1966-02-15,1966,2,3,8.09,14.33,20.58
1966-03-15,1966,3,1,7.63,13.35,19.07
1966-04-15,1966,4,12,6.21,11.44,16.68
1966-05-15,1966,5,3,4.57,10.32,16.07
1966-06-15,1966,6,184,2.16,6.3,10.43
1966-07-15,1966,7,117,1.57,5.99,10.4
1966-08-15,1966,8,52,0.63,5.81,11
1966-09-15,1966,9,2,2.64,7.92,13.2
1966-10-15,1966,10,3,3.74,9.85,15.96
1966-11-15,1966,11,17,6.23,11.84,17.45
1966-12-15,1966,12,8,7.24,12.8,18.37
1967-01-15,1967,1,9,9.2,15.12,21.04
1967-02-15,1967,2,5,9.5,15.24,20.99
1967-03-15,1967,3,2,8.22,13.93,19.64
1967-04-15,1967,4,0,6.53,12.82,19.1
1967-05-15,1967,5,25,4.65,9.74,14.84
1967-06-15,1967,6,39,-0.62,5.07,10.77
1967-07-15,1967,7,90,-0.09,5.01,10.1
1967-08-15,1967,8,16,0.58,6.09,11.6
1967-09-15,1967,9,43,1.9,6.97,12.04
1967-10-15,1967,10,11,4.27,9.96,15.65
1967-11-15,1967,11,3,6.2,12.02,17.84
1967-12-15,1967,12,1,8.64,14.73,20.82
1968-01-15,1968,1,1,9.79,15.88,21.96
1968-02-15,1968,2,0,9.7,15.58,21.45
1968-03-15,1968,3,1,7.57,13.49,19.41
1968-04-15,1968,4,8,5.46,11.44,17.42
1968-05-15,1968,5,0,3.77,9.94,16.11
1968-06-15,1968,6,26,1.26,6.64,12.02
1968-07-15,1968,7,2,1.23,7.18,13.12
1968-08-15,1968,8,25,2.04,8.05,14.07
1968-09-15,1968,9,29,3.03,8.79,14.55
1968-10-15,1968,10,1,3.66,9.18,14.7
1968-11-15,1968,11,0,7.03,13.09,19.15
1968-12-15,1968,12,1,7.87,14.08,20.28
1969-01-15,1969,1,1,10.26,16.07,21.89
1969-02-15,1969,2,3,9.37,15.26,21.15
1969-03-15,1969,3,0,8.09,13.8,19.51
1969-04-15,1969,4,3,5.89,11.99,18.09
1969-05-15,1969,5,38,4.16,9.5,14.84
1969-06-15,1969,6,113,2.08,6.45,10.81
1969-07-15,1969,7,15,1.8,7.1,12.39
1969-08-15,1969,8,60,1.92,7.22,12.53
1969-09-15,1969,9,18,3.69,9.45,15.2
1969-10-15,1969,10,10,3.54,9.75,15.96
1969-11-15,1969,11,8,5.93,12.05,18.17
1969-12-15,1969,12,0,9.43,15.44,21.44
1970-01-15,1970,1,10,9.56,15.27,20.98
1970-02-15,1970,2,4,10.25,15.96,21.67
1970-03-15,1970,3,4,8.66,14.58,20.49
1970-04-15,1970,4,0,7.19,13.52,19.85
1970-05-15,1970,5,96,3.94,9.25,14.56
1970-06-15,1970,6,13,0.65,5.64,10.63
1970-07-15,1970,7,136,0.57,5.64,10.7
1970-08-15,1970,8,4,1.17,6.62,12.07
1970-09-15,1970,9,17,2.85,8.55,14.24
1970-10-15,1970,10,17,4.25,9.82,15.39
1970-11-15,1970,11,2,5.91,12.12,18.32
1970-12-15,1970,12,2,7.79,13.85,19.91
1971-01-15,1971,1,11,8.63,14.34,20.05
1971-02-15,1971,2,2,8.67,14.28,19.89
1971-03-15,1971,3,1,7.43,13.24,19.05
1971-04-15,1971,4,12,4.56,10.53,16.49
1971-05-15,1971,5,3,3.6,9.51,15.43
1971-06-15,1971,6,94,1.19,5.72,10.25
1971-07-15,1971,7,17,2.57,7.56,12.54
1971-08-15,1971,8,53,1.12,6.45,11.79
1971-09-15,1971,9,11,2.46,7.93,13.4
1971-10-15,1971,10,8,4.73,10.58,16.44
1971-11-15,1971,11,1,6.95,13.59,20.23
1971-12-15,1971,12,3,7.81,14.08,20.35
1972-01-15,1972,1,1,10.25,16.22,22.19
1972-02-15,1972,2,2,9.78,16.08,22.38
1972-03-15,1972,3,7,8.1,13.98,19.85
1972-04-15,1972,4,5,5.79,11.76,17.73
1972-05-15,1972,5,78,4.76,9.8,14.85
1972-06-15,1972,6,212,4.3,8.21,12.13
1972-07-15,1972,7,34,1.01,5.99,10.97
1972-08-15,1972,8,149,2.65,6.82,11
1972-09-15,1972,9,67,3.78,8.17,12.56
1972-10-15,1972,10,20,4,9.47,14.93
1972-11-15,1972,11,20,5.95,11.71,17.47
1972-12-15,1972,12,1,9.13,15.57,22
1973-01-15,1973,1,0,10.41,16.34,22.27
1973-02-15,1973,2,4,9.35,15.14,20.94
1973-03-15,1973,3,1,8.39,14.19,20
1973-04-15,1973,4,9,6.31,11.87,17.43
1973-05-15,1973,5,62,4.25,9.14,14.03
1973-06-15,1973,6,60,1.9,6.71,11.52
1973-07-15,1973,7,132,1.62,5.6,9.58
1973-08-15,1973,8,4,1.03,6.69,12.36
1973-09-15,1973,9,5,2.15,7.63,13.12
1973-10-15,1973,10,39,3.91,9.04,14.16
1973-11-15,1973,11,1,6.34,12.35,18.36
1973-12-15,1973,12,3,7.8,13.64,19.49
1974-01-15,1974,1,5,9.35,15.53,21.72
1974-02-15,1974,2,6,8.9,14.73,20.56
1974-03-15,1974,3,0,7.51,13.76,20.01
1974-04-15,1974,4,0,5.66,12.24,18.82
1974-05-15,1974,5,128,4,8.91,13.83
1974-06-15,1974,6,222,1.16,5.63,10.1
1974-07-15,1974,7,21,0.27,5.36,10.45
1974-08-15,1974,8,12,1.75,7.53,13.31
1974-09-15,1974,9,45,2.16,7.91,13.67
1974-10-15,1974,10,4,4.76,10.28,15.8
1974-11-15,1974,11,13,6.24,12.11,17.98
1974-12-15,1974,12,4,7.79,13.68,19.56
1975-01-15,1975,1,1,10.02,15.76,21.49
1975-02-15,1975,2,6,9.48,15.16,20.83
1975-03-15,1975,3,1,8.04,13.68,19.31
1975-04-15,1975,4,21,6.09,11.73,17.37
1975-05-15,1975,5,60,3.59,8.87,14.15
1975-06-15,1975,6,34,1.93,6.86,11.79
1975-07-15,1975,7,133,0.87,5.59,10.32
1975-08-15,1975,8,49,1.12,5.94,10.76
1975-09-15,1975,9,6,2.4,7.73,13.06
1975-10-15,1975,10,5,3.84,9.92,15.99
1975-11-15,1975,11,14,5.69,11.52,17.36
1975-12-15,1975,12,0,8.54,14.67,20.79
1976-01-15,1976,1,12,9.95,15.56,21.17
1976-02-15,1976,2,3,9.21,15,20.79
1976-03-15,1976,3,5,7.06,13.3,19.53
1976-04-15,1976,4,3,5.38,11.5,17.61
1976-05-15,1976,5,46,3.29,8.74,14.18
1976-06-15,1976,6,84,1.5,6.59,11.68
1976-07-15,1976,7,8,0.93,6.18,11.43
1976-08-15,1976,8,48,1.35,6.21,11.08
1976-09-15,1976,9,31,2.64,7.96,13.29
1976-10-15,1976,10,46,4.9,10.09,15.27
1976-11-15,1976,11,26,7.05,13.02,18.98
1976-12-15,1976,12,7,8.96,15.03,21.1
1977-01-15,1977,1,8,10.18,16.3,22.42
1977-02-15,1977,2,2,9.38,15.79,22.19
1977-03-15,1977,3,2,9.26,15.14,21.03
1977-04-15,1977,4,6,6.82,12.79,18.77
1977-05-15,1977,5,38,4.77,10.62,16.47
1977-06-15,1977,6,141,2.53,7.62,12.71
1977-07-15,1977,7,281,1.25,5.26,9.27
1977-08-15,1977,8,78,1.53,7,12.47
1977-09-15,1977,9,1,3.87,9.33,14.79
1977-10-15,1977,10,46,5.46,10.72,15.97
1977-11-15,1977,11,27,6.86,12.87,18.88
1977-12-15,1977,12,4,9.39,14.87,20.34
1978-01-15,1978,1,3,9.4,15.35,21.3
1978-02-15,1978,2,4,9.75,15.75,21.75
1978-03-15,1978,3,2,7.6,13.72,19.84
1978-04-15,1978,4,7,6.44,12.54,18.63
1978-05-15,1978,5,16,4.51,10.26,16
1978-06-15,1978,6,82,2.47,7.13,11.79
1978-07-15,1978,7,351,3.67,7.65,11.62
1978-08-15,1978,8,20,1.12,6.85,12.58
1978-09-15,1978,9,61,3.3,8.25,13.2
1978-10-15,1978,10,8,5.5,11.07,16.64
1978-11-15,1978,11,72,7.61,13.12,18.64
1978-12-15,1978,12,5,9.74,15.23,20.71
1979-01-15,1979,1,6,10.38,15.88,21.38
1979-02-15,1979,2,5,9.23,15.43,21.63
1979-03-15,1979,3,2,8.25,14.18,20.1
1979-04-15,1979,4,15,5.96,11.8,17.64
1979-05-15,1979,5,22,4.77,10.2,15.63
1979-06-15,1979,6,0,0.82,6.92,13.01
1979-07-15,1979,7,134,2.58,7.98,13.37
1979-08-15,1979,8,58,3.51,8.47,13.43
1979-09-15,1979,9,59,2.31,7.66,13.02
1979-10-15,1979,10,2,4.28,10.61,16.93
1979-11-15,1979,11,28,7.03,12.29,17.55
1979-12-15,1979,12,19,9.44,14.85,20.26
1980-01-15,1980,1,9,10.46,16.45,22.45
1980-02-15,1980,2,13,10.2,15.99,21.77
1980-03-15,1980,3,0,10.08,16,21.91
1980-04-15,1980,4,173,6.9,11.42,15.93
1980-05-15,1980,5,116,4.74,9.17,13.61
1980-06-15,1980,6,112,2.2,7.19,12.18
1980-07-15,1980,7,144,1.51,6.39,11.27
1980-08-15,1980,8,26,2.07,7.63,13.19
1980-09-15,1980,9,67,3.14,8.52,13.9
1980-10-15,1980,10,10,4.73,10.27,15.82
1980-11-15,1980,11,4,5.92,11.69,17.46
1980-12-15,1980,12,2,8.77,14.61,20.44
1981-01-15,1981,1,1,9.62,15.16,20.7
1981-02-15,1981,2,9,9.99,16.02,22.06
1981-03-15,1981,3,5,8.75,14.53,20.3
1981-04-15,1981,4,10,6.36,12.52,18.68
1981-05-15,1981,5,195,5.45,9.84,14.23
1981-06-15,1981,6,31,1.94,7.26,12.58
1981-07-15,1981,7,34,1.64,6.65,11.67
1981-08-15,1981,8,45,2.86,7.97,13.08
1981-09-15,1981,9,19,2.97,8.97,14.97
1981-10-15,1981,10,10,4.32,9.92,15.52
1981-11-15,1981,11,7,6.45,12.36,18.27
1981-12-15,1981,12,1,8.12,14.63,21.14
1982-01-15,1982,1,2,9.96,15.59,21.21
1982-02-15,1982,2,3,9.34,15.23,21.12
1982-03-15,1982,3,28,8.54,14.49,20.45
1982-04-15,1982,4,1,6.79,12.49,18.18
1982-05-15,1982,5,136,4.3,9.1,13.89
1982-06-15,1982,6,393,3.42,6.64,9.87
1982-07-15,1982,7,195,3.2,6.97,10.74
1982-08-15,1982,8,95,3.33,8.2,13.06
1982-09-15,1982,9,82,4.99,9.05,13.12
1982-10-15,1982,10,30,4.72,10.31,15.89
1982-11-15,1982,11,3,6.29,12.1,17.91
1982-12-15,1982,12,1,9.62,15.49,21.37
1983-01-15,1983,1,16,11.12,16.47,21.82
1983-02-15,1983,2,5,10.53,16.67,22.81
1983-03-15,1983,3,1,8.79,14.62,20.44
1983-04-15,1983,4,19,6.59,12.45,18.3
1983-05-15,1983,5,56,3.43,8.45,13.46
1983-06-15,1983,6,151,0.49,5.08,9.66
1983-07-15,1983,7,142,0.72,5.63,10.54
1983-08-15,1983,8,98,1.88,6.83,11.79
1983-09-15,1983,9,35,1.94,7.14,12.34
1983-10-15,1983,10,3,5.14,11.34,17.54
1983-11-15,1983,11,3,7.58,13.34,19.11
1983-12-15,1983,12,1,9.77,15.39,21.01
1984-01-15,1984,1,12,9.88,15.81,21.73
1984-02-15,1984,2,2,8.77,14.93,21.1
1984-03-15,1984,3,19,8.91,14.28,19.64
1984-04-15,1984,4,3,5.68,12.18,18.68
1984-05-15,1984,5,106,2.16,6.93,11.71
1984-06-15,1984,6,54,1.04,5.12,9.21
1984-07-15,1984,7,437,2,6.44,10.87
1984-08-15,1984,8,72,1.58,6.49,11.4
1984-09-15,1984,9,83,3.72,8.44,13.16
1984-10-15,1984,10,22,5.15,10.64,16.14
1984-11-15,1984,11,9,6.29,11.68,17.07
1984-12-15,1984,12,2,8.23,14.37,20.51
1985-01-15,1985,1,6,9.44,15.17,20.89
1985-02-15,1985,2,1,9.54,15.67,21.81
1985-03-15,1985,3,15,8.89,14.14,19.4
1985-04-15,1985,4,2,5.29,11.18,17.06
1985-05-15,1985,5,47,3.83,9.51,15.19
1985-06-15,1985,6,21,3.53,8.73,13.93
1985-07-15,1985,7,102,1.47,6.04,10.61
1985-08-15,1985,8,2,1.34,6.94,12.53
1985-09-15,1985,9,23,3.85,8.9,13.95
1985-10-15,1985,10,33,4.84,10.06,15.28
1985-11-15,1985,11,6,7.52,13.12,18.73
1985-12-15,1985,12,0,8.67,14.82,20.96
1986-01-15,1986,1,1,9.79,15.83,21.87
1986-02-15,1986,2,9,10.19,15.6,21.02
1986-03-15,1986,3,1,8.36,14.27,20.18
1986-04-15,1986,4,43,6.29,11.82,17.34
1986-05-15,1986,5,197,4.87,9.77,14.67
1986-06-15,1986,6,172,2.99,7.03,11.08
1986-07-15,1986,7,9,2.65,8.38,14.11
1986-08-15,1986,8,79,3.25,7.51,11.76
1986-09-15,1986,9,7,3.29,8.39,13.48
1986-10-15,1986,10,17,6.36,11.44,16.52
1986-11-15,1986,11,20,6.49,12.1,17.71
1986-12-15,1986,12,0,9.76,15.92,22.08
1987-01-15,1987,1,4,10.82,16.47,22.13
1987-02-15,1987,2,9,10.74,16.74,22.74
1987-03-15,1987,3,13,9.64,15.29,20.94
1987-04-15,1987,4,14,6.47,12.48,18.48
1987-05-15,1987,5,80,2.89,7.52,12.15
1987-06-15,1987,6,45,2.81,8.48,14.15
1987-07-15,1987,7,458,2.3,6.39,10.47
1987-08-15,1987,8,226,2.7,7.06,11.41
1987-09-15,1987,9,17,3.58,8.29,13
1987-10-15,1987,10,42,5.76,10.67,15.58
1987-11-15,1987,11,3,7.98,13.92,19.85
1987-12-15,1987,12,4,8.73,14.98,21.22
1988-01-15,1988,1,1,9.97,15.63,21.28
1988-02-15,1988,2,5,10.57,16.28,21.99
1988-03-15,1988,3,5,8.78,14.76,20.74
1988-04-15,1988,4,1,6.73,12.46,18.2
1988-05-15,1988,5,10,3.15,8.92,14.7
1988-06-15,1988,6,20,1.72,7.13,12.55
1988-07-15,1988,7,57,0.94,6.17,11.4
1988-08-15,1988,8,80,1.75,6.81,11.87
1988-09-15,1988,9,24,1.88,7.45,13.02
1988-10-15,1988,10,1,4.07,10.62,17.18
1988-11-15,1988,11,10,7.23,13.17,19.1
1988-12-15,1988,12,4,8.38,14.42,20.47
1989-01-15,1989,1,5,10.23,16.14,22.04
1989-02-15,1989,2,1,10.68,16.58,22.49
1989-03-15,1989,3,1,8.08,14.11,20.14
1989-04-15,1989,4,14,6.25,12.37,18.5
1989-05-15,1989,5,40,3.78,9.23,14.67
1989-06-15,1989,6,15,2.63,8,13.36
1989-07-15,1989,7,119,1.33,6.65,11.96
1989-08-15,1989,8,140,2.49,7.3,12.1
1989-09-15,1989,9,30,3.25,8.05,12.86
1989-10-15,1989,10,2,5.04,10.9,16.75
1989-11-15,1989,11,3,7.19,13.33,19.47
1989-12-15,1989,12,4,8.85,14.99,21.12
1990-01-15,1990,1,3,8.9,16,23.11
1990-02-15,1990,2,0,9.37,15.58,21.78
1990-03-15,1990,3,8,7.52,14,20.48
1990-04-15,1990,4,14,6,11.67,17.34
1990-05-15,1990,5,9,3.46,9.45,15.45
1990-06-15,1990,6,8,2.24,8.63,15.01
1990-07-15,1990,7,65,0.68,6.29,11.89
1990-08-15,1990,8,53,3.22,8.8,14.39
1990-09-15,1990,9,67,3.59,8.56,13.52
1990-10-15,1990,10,18,4.58,10.08,15.58
1990-11-15,1990,11,4,6.62,12.87,19.12
1990-12-15,1990,12,5,8.46,14.87,21.28
1991-01-15,1991,1,5,9.29,15.67,22.05
1991-02-15,1991,2,1,9.87,16.3,22.74
1991-03-15,1991,3,1,9.06,14.91,20.76
1991-04-15,1991,4,35,7.48,12.79,18.11
1991-05-15,1991,5,112,5.95,10.72,15.48
1991-06-15,1991,6,167,2.92,7.79,12.65
1991-07-15,1991,7,122,2.15,6.66,11.17
1991-08-15,1991,8,13,1.61,6.71,11.81
1991-09-15,1991,9,77,4.93,9.77,14.61
1991-10-15,1991,10,21,4.76,10.21,15.66
1991-11-15,1991,11,4,7.16,12.94,18.72
1991-12-15,1991,12,21,8.54,13.98,19.43
1992-01-15,1992,1,0,10.53,16.57,22.62
1992-02-15,1992,2,8,9.62,15.56,21.5
1992-03-15,1992,3,23,9.62,15.07,20.52
1992-04-15,1992,4,56,6.31,11.4,16.49
1992-05-15,1992,5,121,4.16,8.46,12.75
1992-06-15,1992,6,207,2.3,6.21,10.11
1992-07-15,1992,7,21,0.94,5.55,10.16
1992-08-15,1992,8,103,1.86,7.38,12.9
1992-09-15,1992,9,27,3.64,8.98,14.32
1992-10-15,1992,10,1,5.26,11.11,16.96
1992-11-15,1992,11,19,6.99,12.62,18.25
1992-12-15,1992,12,1,8.29,14.67,21.05
1993-01-15,1993,1,7,10.22,16.39,22.57
1993-02-15,1993,2,5,10.17,16,21.83
1993-03-15,1993,3,0,9.12,15.33,21.54
1993-04-15,1993,4,80,7.03,12.16,17.29
1993-05-15,1993,5,136,3.11,7.79,12.47
1993-06-15,1993,6,60,3.44,8.1,12.77
1993-07-15,1993,7,52,0.88,6.1,11.32
1993-08-15,1993,8,26,2.44,7.92,13.4
1993-09-15,1993,9,19,2.22,8.07,13.91
1993-10-15,1993,10,11,4.52,10.47,16.42
1993-11-15,1993,11,4,5.94,12.58,19.22
1993-12-15,1993,12,3,8.44,14.76,21.08
1994-01-15,1994,1,3,9.97,15.95,21.92
1994-02-15,1994,2,4,9.4,15.58,21.76
1994-03-15,1994,3,1,9.1,15.01,20.93
1994-04-15,1994,4,27,7.1,12.74,18.38
1994-05-15,1994,5,65,4.37,9.99,15.61
1994-06-15,1994,6,43,3.07,8.06,13.04
1994-07-15,1994,7,101,1.48,6.25,11.01
1994-08-15,1994,8,9,1.77,7.36,12.95
1994-09-15,1994,9,20,5.32,10.56,15.8
1994-10-15,1994,10,14,4.64,10.49,16.33
1994-11-15,1994,11,1,6.86,13.31,19.76
1994-12-15,1994,12,4,9.12,15.61,22.11
1995-01-15,1995,1,15,9.73,16.07,22.4
1995-02-15,1995,2,5,9.23,15.24,21.26
1995-03-15,1995,3,0,8.2,14.44,20.68
1995-04-15,1995,4,35,6.76,12.88,18.99
1995-05-15,1995,5,3,5.17,11.29,17.4
1995-06-15,1995,6,95,3.34,8.43,13.52
1995-07-15,1995,7,79,0.58,5.32,10.06
1995-08-15,1995,8,65,0.89,6.31,11.72
1995-09-15,1995,9,28,3.93,9.05,14.16
1995-10-15,1995,10,2,4.48,10.67,16.86
1995-11-15,1995,11,4,6.85,12.9,18.94
1995-12-15,1995,12,0,9.73,15.39,21.06
1996-01-15,1996,1,8,8.98,15.12,21.27
1996-02-15,1996,2,1,9.27,15.61,21.96
1996-03-15,1996,3,1,8.69,14.68,20.67
1996-04-15,1996,4,35,5.45,11.31,17.16
1996-05-15,1996,5,3,3.61,9.76,15.91
1996-06-15,1996,6,57,1.28,6.81,12.34
1996-07-15,1996,7,51,2.57,8.19,13.82
1996-08-15,1996,8,90,2.26,7.35,12.44
1996-09-15,1996,9,9,3.36,9.23,15.1
1996-10-15,1996,10,6,4.8,10.74,16.68
1996-11-15,1996,11,1,7.12,13.78,20.45
1996-12-15,1996,12,5,8.05,14.44,20.82
1997-01-15,1997,1,0,9.99,16.32,22.65
1997-02-15,1997,2,0,9.26,15.98,22.7
1997-03-15,1997,3,16,9.18,15.23,21.28
1997-04-15,1997,4,6,7.72,14,20.29
1997-05-15,1997,5,142,5.76,11.06,16.37
1997-06-15,1997,6,401,2.58,6.62,10.66
1997-07-15,1997,7,66,3.01,7.92,12.84
1997-08-15,1997,8,154,3.28,8.57,13.87
1997-09-15,1997,9,92,4.36,9.03,13.7
1997-10-15,1997,10,70,4.31,9.44,14.57
1997-11-15,1997,11,8,6.54,12.51,18.47
1997-12-15,1997,12,8,8.7,14.63,20.56
1998-01-15,1998,1,0,10.67,17.16,23.66
1998-02-15,1998,2,15,9.76,15.61,21.47
1998-03-15,1998,3,10,9.08,14.88,20.68
1998-04-15,1998,4,40,6.98,11.64,16.3
1998-05-15,1998,5,27,4.63,10.18,15.74
1998-06-15,1998,6,38,2.51,7.82,13.14
1998-07-15,1998,7,1,1.29,7.04,12.79
1998-08-15,1998,8,0,1.03,7.32,13.61
1998-09-15,1998,9,23,2.68,8.17,13.66
1998-10-15,1998,10,0,5.44,11.91,18.39
1998-11-15,1998,11,0,6.41,12.72,19.03
1998-12-15,1998,12,1,8.84,15.05,21.26
1999-01-15,1999,1,5,9.98,15.39,20.8
1999-02-15,1999,2,3,10.59,16.34,22.1
1999-03-15,1999,3,21,7.97,13.78,19.59
1999-04-15,1999,4,8,5.94,12.17,18.4
1999-05-15,1999,5,23,4.51,10.09,15.66
1999-06-15,1999,6,50,2.47,7.44,12.41
1999-07-15,1999,7,26,0.7,6.36,12.02
1999-08-15,1999,8,117,2.96,7.83,12.7
1999-09-15,1999,9,137,3.75,8.3,12.86
1999-10-15,1999,10,31,5.59,10.23,14.87
1999-11-15,1999,11,0,6.35,12.52,18.69
1999-12-15,1999,12,4,7.94,14.36,20.79
2000-01-15,2000,1,0,9.27,15.62,21.96
2000-02-15,2000,2,12,9.47,15.31,21.14
2000-03-15,2000,3,1,7.78,14.1,20.43
2000-04-15,2000,4,22,6.4,12.04,17.67
2000-05-15,2000,5,30,3.39,8.84,14.3
2000-06-15,2000,6,327,2.3,6.47,10.63
2000-07-15,2000,7,42,1.38,6.75,12.13
2000-08-15,2000,8,11,2.71,7.92,13.12
2000-09-15,2000,9,141,3.31,8.01,12.72
2000-10-15,2000,10,14,5.39,10.87,16.34
2000-11-15,2000,11,11,6.48,12.47,18.46
2000-12-15,2000,12,0,9.01,15.13,21.24
2001-01-15,2001,1,7,10.01,15.57,21.14
2001-02-15,2001,2,0,11.33,16.89,22.45
2001-03-15,2001,3,15,9.08,14.76,20.43
2001-04-15,2001,4,19,6.3,11.91,17.52
2001-05-15,2001,5,92,3.5,8.33,13.16
2001-06-15,2001,6,9,1.3,7.03,12.75
2001-07-15,2001,7,272,2.67,6.85,11.02
2001-08-15,2001,8,112,2.69,7.65,12.61
2001-09-15,2001,9,28,2.68,7.64,12.59
2001-10-15,2001,10,12,5.82,11.29,16.77
2001-11-15,2001,11,4,6.32,12.22,18.11
2001-12-15,2001,12,1,9.79,15.88,21.97
2002-01-15,2002,1,4,9.84,15.96,22.08
2002-02-15,2002,2,2,10.13,15.97,21.81
2002-03-15,2002,3,9,9.21,15.16,21.11
2002-04-15,2002,4,17,6.37,11.58,16.79
2002-05-15,2002,5,205,4.91,9.42,13.94
2002-06-15,2002,6,195,1.99,6.68,11.38
2002-07-15,2002,7,136,1.8,6.78,11.76
2002-08-15,2002,8,123,3.31,7.81,12.31
2002-09-15,2002,9,20,4.13,9.06,14
2002-10-15,2002,10,13,5.3,10.62,15.93
2002-11-15,2002,11,2,6.72,12.29,17.87
2002-12-15,2002,12,3,8.33,14.27,20.2
2003-01-15,2003,1,8,10.39,16.29,22.19
2003-02-15,2003,2,1,9.68,15.87,22.06
2003-03-15,2003,3,0,9.45,15.06,20.66
2003-04-15,2003,4,3,6.16,12.12,18.07
2003-05-15,2003,5,87,4.23,9.92,15.61
2003-06-15,2003,6,84,4.17,8.64,13.1
2003-07-15,2003,7,72,1.73,6.88,12.03
2003-08-15,2003,8,2,2.84,8.12,13.4
2003-09-15,2003,9,28,4.09,9.45,14.82
2003-10-15,2003,10,3,6.43,12.4,18.38
2003-11-15,2003,11,17,7.85,13.55,19.26
2003-12-15,2003,12,1,8,14.27,20.53
2004-01-15,2004,1,3,10.55,16.15,21.74
2004-02-15,2004,2,4,9.81,15.6,21.4
2004-03-15,2004,3,15,9.18,15.07,20.96
2004-04-15,2004,4,55,6.74,12.12,17.51
2004-05-15,2004,5,20,2.84,8.63,14.42
2004-06-15,2004,6,45,2.07,7.37,12.66
2004-07-15,2004,7,99,2.42,7.01,11.59
2004-08-15,2004,8,89,2.49,7.26,12.04
2004-09-15,2004,9,31,4.37,9.84,15.3
2004-10-15,2004,10,6,5.06,10.35,15.65
2004-11-15,2004,11,49,7.09,12.32,17.56
2004-12-15,2004,12,3,9.36,15.24,21.11
2005-01-15,2005,1,9,10.29,16.06,21.83
2005-02-15,2005,2,0,11,16.57,22.13
2005-03-15,2005,3,20,9.34,14.63,19.93
2005-04-15,2005,4,11,5.42,11.86,18.29
2005-05-15,2005,5,96,3.59,7.96,12.33
2005-06-15,2005,6,154,4.52,8.1,11.67
2005-07-15,2005,7,48,2.04,6.95,11.85
2005-08-15,2005,8,174,3.88,8.22,12.57
2005-09-15,2005,9,39,2.82,7.6,12.38
2005-10-15,2005,10,19,4.43,9.78,15.12
2005-11-15,2005,11,7,7.81,13.15,18.49
2005-12-15,2005,12,0,9.14,14.58,20.02
2006-01-15,2006,1,2,10.78,16.37,21.95
2006-02-15,2006,2,3,11.23,16.57,21.91
2006-03-15,2006,3,1,8.14,14.34,20.54
2006-04-15,2006,4,9,6.69,12.73,18.77
2006-05-15,2006,5,28,5.25,10.56,15.88
2006-06-15,2006,6,88,3.67,8.34,13.01
2006-07-15,2006,7,207,3.59,8.04,12.48
2006-08-15,2006,8,64,3.5,8.17,12.85
2006-09-15,2006,9,5,4.38,9.64,14.9
2006-10-15,2006,10,53,5.67,10.98,16.29
2006-11-15,2006,11,0,7.16,13.06,18.96
2006-12-15,2006,12,3,8.89,14.86,20.83
2007-01-15,2007,1,3,10.52,16.25,21.97
2007-02-15,2007,2,15,9.74,15.19,20.65
2007-03-15,2007,3,7,8.93,14.56,20.19
2007-04-15,2007,4,5,6.41,12.15,17.89
2007-05-15,2007,5,15,2.83,8.17,13.51
2007-06-15,2007,6,109,0.7,5.54,10.38
2007-07-15,2007,7,46,1.11,5.71,10.31
2007-08-15,2007,8,30,-0.48,5.03,10.53
2007-09-15,2007,9,3,2.64,8.1,13.56
2007-10-15,2007,10,2,4.62,10.4,16.19
2007-11-15,2007,11,3,6.34,12.84,19.33
2007-12-15,2007,12,1,8.42,14.35,20.29
2008-01-15,2008,1,1,10.47,16.17,21.87
2008-02-15,2008,2,4,10.2,16.21,22.21
2008-03-15,2008,3,16,8.98,14.89,20.8
2008-04-15,2008,4,17,6.33,12.03,17.74
2008-05-15,2008,5,148,4.35,9.09,13.83
2008-06-15,2008,6,92,1.66,6.9,12.14
2008-07-15,2008,7,72,2.51,7.06,11.61
2008-08-15,2008,8,158,1.99,6.92,11.84
2008-09-15,2008,9,10,3.76,8.76,13.76
2008-10-15,2008,10,1,4.82,10.6,16.38
2008-11-15,2008,11,0,7.84,13.63,19.41
2008-12-15,2008,12,0,9.58,15.27,20.97
2009-01-15,2009,1,5,10.44,16.41,22.37
2009-02-15,2009,2,8,9.92,15.89,21.85
2009-03-15,2009,3,1,9.42,15.5,21.59
2009-04-15,2009,4,1,7.89,14.08,20.27
2009-05-15,2009,5,15,5.14,10.71,16.28
2009-06-15,2009,6,139,2.65,7.74,12.83
2009-07-15,2009,7,33,0.98,6.45,11.91
2009-08-15,2009,8,113,2.97,7.78,12.59
2009-09-15,2009,9,54,2.53,7.55,12.57
2009-10-15,2009,10,9,5.43,11.16,16.89
2009-11-15,2009,11,6,6.07,11.62,17.17
2009-12-15,2009,12,1,8.41,14.79,21.18
2010-01-15,2010,1,3,10.53,16.35,22.16
2010-02-15,2010,2,2,9.84,15.69,21.54
2010-03-15,2010,3,1,9.54,15.38,21.21
2010-04-15,2010,4,4,5.8,11.9,18.01
2010-05-15,2010,5,55,4.24,9.49,14.74
2010-06-15,2010,6,113,1.51,6.52,11.53
2010-07-15,2010,7,63,-0.44,4.65,9.74
2010-08-15,2010,8,9,2.08,7.44,12.81
2010-09-15,2010,9,30,2.56,8.35,14.14
2010-10-15,2010,10,8,4.65,10.37,16.1
2010-11-15,2010,11,24,6.81,12.65,18.49
2010-12-15,2010,12,2,7.96,13.68,19.39
2011-01-15,2011,1,7,10.15,16.05,21.96
2011-02-15,2011,2,11,10.31,15.96,21.61
2011-03-15,2011,3,11,8.74,14.29,19.83
2011-04-15,2011,4,16,6.72,12.39,18.05
2011-05-15,2011,5,1,4.24,10.39,16.54
2011-06-15,2011,6,107,1.45,6.7,11.95
2011-07-15,2011,7,76,0.64,5.58,10.52
2011-08-15,2011,8,58,1.41,6.13,10.86
2011-09-15,2011,9,1,4.12,10.19,16.26
2011-10-15,2011,10,9,4.18,10.17,16.16
2011-11-15,2011,11,2,6.86,13.19,19.52
2011-12-15,2011,12,1,9.46,15.3,21.14
2012-01-15,2012,1,4,10.89,16.47,22.05
2012-02-15,2012,2,2,10.72,16.56,22.39
2012-03-15,2012,3,1,9.99,16.17,22.34
2012-04-15,2012,4,28,6.53,12.3,18.08
2012-05-15,2012,5,64,5.15,10.72,16.3
2012-06-15,2012,6,108,3.35,8.29,13.22
2012-07-15,2012,7,1,1.05,6.91,12.78
2012-08-15,2012,8,56,1.86,7.12,12.39
2012-09-15,2012,9,3,4.25,9.58,14.92
2012-10-15,2012,10,33,4.73,9.78,14.82
2012-11-15,2012,11,2,7.39,13.27,19.14
2012-12-15,2012,12,15,8.72,14.57,20.41
2013-01-15,2013,1,9,11.3,16.66,22.02
2013-02-15,2013,2,2,10.55,16.62,22.69
2013-03-15,2013,3,1,8.18,14.37,20.55
2013-04-15,2013,4,1,6.03,12.2,18.38
2013-05-15,2013,5,118,4.07,9.35,14.62
2013-06-15,2013,6,40,2.46,7.95,13.44
2013-07-15,2013,7,25,1.88,7.09,12.3
2013-08-15,2013,8,31,2.03,7.76,13.49
2013-09-15,2013,9,14,2.84,8.28,13.72
2013-10-15,2013,10,3,4.64,10.96,17.29
2013-11-15,2013,11,5,6.31,12.63,18.95
2013-12-15,2013,12,0,9.4,15.53,21.65
2014-01-15,2014,1,1,10.91,16.7,22.48
2014-02-15,2014,2,3,9.36,15.4,21.44
2014-03-15,2014,3,2,8.14,14.1,20.06
2014-04-15,2014,4,9,5.43,12.04,18.66
2014-05-15,2014,5,26,4.31,9.79,15.26
2014-06-15,2014,6,108,1.54,6.56,11.59
2014-07-15,2014,7,35,2.34,7.14,11.94
2014-08-15,2014,8,56,3.26,8.52,13.79
2014-09-15,2014,9,27,3.8,8.07,12.33
2014-10-15,2014,10,5,6.06,11.92,17.79
2014-11-15,2014,11,8,6.41,12.61,18.8
2014-12-15,2014,12,5,8.39,14.59,20.79
2015-01-15,2015,1,2,10.96,16.85,22.74
2015-02-15,2015,2,3,10,16.03,22.06
2015-03-15,2015,3,6,9.59,16.1,22.61
2015-04-15,2015,4,0,7.33,13.88,20.42
2015-05-15,2015,5,2,4.26,10.5,16.74
2015-06-15,2015,6,1,2.46,9.18,15.91
2015-07-15,2015,7,74,2.07,7.22,12.38
2015-08-15,2015,8,179,3.86,8.21,12.57
2015-09-15,2015,9,58,4.19,9.27,14.36
2015-10-15,2015,10,54,4.67,9.66,14.65
2015-11-15,2015,11,6,6.35,12.12,17.89
2015-12-15,2015,12,3,9.07,15.15,21.23
2016-01-15,2016,1,10,11.27,16.92,22.57
2016-02-15,2016,2,1,10.78,17.07,23.36
2016-03-15,2016,3,0,9.95,15.57,21.2
2016-04-15,2016,4,124,7.16,11.57,15.99
2016-05-15,2016,5,58,6.09,10.01,13.94
2016-06-15,2016,6,73,2.18,7.15,12.12
2016-07-15,2016,7,99,2.58,7.05,11.52
2016-08-15,2016,8,3,2.92,8.75,14.58
2016-09-15,2016,9,1,4.12,10.58,17.04
2016-10-15,2016,10,40,5.26,11.04,16.82
2016-11-15,2016,11,5,7.52,13.98,20.43
2016-12-15,2016,12,19,9.42,15.28,21.13
2017-01-15,2017,1,2,11.45,17.97,24.5
2017-02-15,2017,2,7,11.06,16.96,22.86
2017-03-15,2017,3,1,9.17,15.11,21.05
2017-04-15,2017,4,15,6.71,12.73,18.75
2017-05-15,2017,5,133,4.46,8.89,13.32
2017-06-15,2017,6,99,2.19,7.01,11.83
2017-07-15,2017,7,46,1.67,7.07,12.47
2017-08-15,2017,8,73,2.03,7.05,12.06
2017-09-15,2017,9,27,3.62,8.92,14.23
2017-10-15,2017,10,16,4.36,10.18,16.01
2017-11-15,2017,11,7,7.28,13.32,19.36
2017-12-15,2017,12,2,9.6,15.71,21.83
2018-01-15,2018,1,5,10.58,16.33,22.08
2018-02-15,2018,2,0,10.73,16.56,22.39
2018-03-15,2018,3,0,8.61,14.89,21.18
2018-04-15,2018,4,2,7.27,13.15,19.04
2018-05-15,2018,5,31,4.5,10.24,15.98
2018-06-15,2018,6,70,1.41,6.87,12.33
2018-07-15,2018,7,73,1.71,6.83,11.95
2018-08-15,2018,8,19,2.31,8.09,13.87
2018-09-15,2018,9,38,4.29,9.63,14.98
2018-10-15,2018,10,9,4.88,10.68,16.48
2018-11-15,2018,11,7,7.3,13.92,20.54
2018-12-15,2018,12,1,9.04,15.16,21.28
2019-01-15,2019,1,5,10.45,16.57,22.7
2019-02-15,2019,2,2,11.1,17.12,23.14
2019-03-15,2019,3,3,8.61,15.07,21.54
2019-04-15,2019,4,6,6.88,12.81,18.73
2019-05-15,2019,5,24,4.04,9.77,15.49
2019-06-15,2019,6,57,1.85,7.03,12.21
2019-07-15,2019,7,16,1.53,7.1,12.67
2019-08-15,2019,8,1,2.66,9.05,15.44
2019-09-15,2019,9,16,3.5,9.22,14.95
2019-10-15,2019,10,5,4.96,11.13,17.3
2019-11-15,2019,11,1,7.68,14.61,21.55
2019-12-15,2019,12,1,9.38,16.14,22.9
2020-01-15,2020,1,3,11.09,17.22,23.35
2020-02-15,2020,2,1,10.35,16.89,23.42
2020-03-15,2020,3,0,10.01,15.98,21.96
2020-04-15,2020,4,8,7.2,13.46,19.71
2020-05-15,2020,5,2,5.12,11.37,17.61
2020-06-15,2020,6,169,2.35,6.67,11
2020-07-15,2020,7,71,2.22,6.94,11.66
2020-08-15,2020,8,12,1.53,7.27,13.01
2020-09-15,2020,9,4,3.39,9.45,15.51
2020-10-15,2020,10,0,4.45,11.32,18.18
2020-11-15,2020,11,2,6.85,13.17,19.49
2020-12-15,2020,12,0,8.79,15.18,21.58
2021-01-15,2021,1,19,10.21,16.04,21.87
2021-02-15,2021,2,1,10.01,15.68,21.36
2021-03-15,2021,3,8,9.25,14.59,19.94
2021-04-15,2021,4,9,6.7,12.58,18.45
2021-05-15,2021,5,16,4.4,10.48,16.55
2021-06-15,2021,6,23,2.8,8.22,13.63
2021-07-15,2021,7,4,0.69,7.44,14.2
2021-08-15,2021,8,67,2.59,7.8,13.02
2021-09-15,2021,9,20,3.15,9.13,15.11
2021-10-15,2021,10,5,4.94,11.47,18
2021-11-15,2021,11,0,7.08,13.49,19.89
2021-12-15,2021,12,0,9.38,15.6,21.83
